Date,price
1992-06-01,417.30
1992-06-02,413.50
1992-06-03,414.59
1992-06-04,413.26
1992-06-05,413.48
1992-06-08,413.36
1992-06-09,410.06
1992-06-10,407.25
1992-06-11,409.05
1992-06-12,409.76
1992-06-15,410.29
1992-06-16,408.32
1992-06-17,402.26
1992-06-18,400.96
1992-06-19,403.67
1992-06-22,403.40
1992-06-23,404.04
1992-06-24,403.84
1992-06-25,403.12
1992-06-26,403.45
1992-06-29,408.94
1992-06-30,408.14
1992-07-01,412.88
1992-07-02,411.77
1992-07-06,413.84
1992-07-07,409.16
1992-07-08,410.28
1992-07-09,414.23
1992-07-10,414.62
1992-07-13,414.87
1992-07-14,417.68
1992-07-15,417.10
1992-07-16,417.54
1992-07-17,415.62
1992-07-20,413.75
1992-07-21,413.76
1992-07-22,410.93
1992-07-23,412.08
1992-07-24,411.60
1992-07-27,411.54
1992-07-28,417.52
1992-07-29,422.23
1992-07-30,423.92
1992-07-31,424.21
1992-08-03,425.09
1992-08-04,424.36
1992-08-05,422.19
1992-08-06,420.59
1992-08-07,418.88
1992-08-10,419.42
1992-08-11,418.90
1992-08-12,417.78
1992-08-13,417.73
1992-08-14,419.91
1992-08-17,420.74
1992-08-18,421.34
1992-08-19,418.19
1992-08-20,418.26
1992-08-21,414.85
1992-08-24,410.72
1992-08-25,411.61
1992-08-26,413.51
1992-08-27,413.53
1992-08-28,414.84
1992-08-31,414.03
1992-09-01,416.07
1992-09-02,417.98
1992-09-03,417.98
1992-09-04,417.08
1992-09-08,414.44
1992-09-09,416.36
1992-09-10,419.95
1992-09-11,419.58
1992-09-14,425.27
1992-09-15,419.77
1992-09-16,419.92
1992-09-17,419.93
1992-09-18,422.93
1992-09-21,422.14
1992-09-22,417.14
1992-09-23,417.44
1992-09-24,418.47
1992-09-25,414.35
1992-09-28,416.62
1992-09-29,416.80
1992-09-30,417.80
1992-10-01,416.29
1992-10-02,410.47
1992-10-05,407.57
1992-10-06,407.18
1992-10-07,404.25
1992-10-08,407.75
1992-10-09,402.66
1992-10-12,407.44
1992-10-13,409.30
1992-10-14,409.37
1992-10-15,409.60
1992-10-16,411.73
1992-10-19,414.98
1992-10-20,415.48
1992-10-21,415.67
1992-10-22,414.90
1992-10-23,414.10
1992-10-26,418.16
1992-10-27,418.49
1992-10-28,420.13
1992-10-29,420.86
1992-10-30,418.68
1992-11-02,422.75
1992-11-03,419.92
1992-11-04,417.11
1992-11-05,418.34
1992-11-06,417.58
1992-11-09,418.59
1992-11-10,418.62
1992-11-11,422.20
1992-11-12,422.87
1992-11-13,422.43
1992-11-16,420.68
1992-11-17,419.27
1992-11-18,422.85
1992-11-19,423.61
1992-11-20,426.65
1992-11-23,425.12
1992-11-24,427.59
1992-11-25,429.19
1992-11-27,430.16
1992-11-30,431.35
1992-12-01,430.78
1992-12-02,429.89
1992-12-03,429.91
1992-12-04,432.06
1992-12-07,435.31
1992-12-08,436.99
1992-12-09,435.65
1992-12-10,434.64
1992-12-11,433.73
1992-12-14,432.84
1992-12-15,432.57
1992-12-16,431.52
1992-12-17,435.43
1992-12-18,441.28
1992-12-21,440.70
1992-12-22,440.31
1992-12-23,439.03
1992-12-24,439.77
1992-12-28,439.15
1992-12-29,437.98
1992-12-30,438.82
1992-12-31,435.71
1993-01-04,435.38
1993-01-05,434.34
1993-01-06,434.52
1993-01-07,430.73
1993-01-08,429.05
1993-01-11,430.95
1993-01-12,431.04
1993-01-13,433.03
1993-01-14,435.94
1993-01-15,437.15
1993-01-18,436.84
1993-01-19,435.13
1993-01-20,433.37
1993-01-21,435.49
1993-01-22,436.11
1993-01-25,440.01
1993-01-26,439.95
1993-01-27,438.11
1993-01-28,438.66
1993-01-29,438.78
1993-02-01,442.52
1993-02-02,442.55
1993-02-03,447.20
1993-02-04,449.56
1993-02-05,448.93
1993-02-08,447.85
1993-02-09,445.33
1993-02-10,446.23
1993-02-11,447.66
1993-02-12,444.58
1993-02-16,433.91
1993-02-17,433.30
1993-02-18,431.90
1993-02-19,434.22
1993-02-22,435.24
1993-02-23,434.80
1993-02-24,440.87
1993-02-25,442.34
1993-02-26,443.38
1993-03-01,442.01
1993-03-02,447.90
1993-03-03,449.26
1993-03-04,447.34
1993-03-05,446.11
1993-03-08,454.71
1993-03-09,454.40
1993-03-10,456.33
1993-03-11,453.72
1993-03-12,449.83
1993-03-15,451.43
1993-03-16,451.37
1993-03-17,448.31
1993-03-18,451.89
1993-03-19,450.18
1993-03-22,448.88
1993-03-23,448.76
1993-03-24,448.07
1993-03-25,450.88
1993-03-26,447.78
1993-03-29,450.77
1993-03-30,451.97
1993-03-31,451.67
1993-04-01,450.30
1993-04-02,441.39
1993-04-05,442.29
1993-04-06,441.16
1993-04-07,442.73
1993-04-08,441.84
1993-04-12,448.37
1993-04-13,449.22
1993-04-14,448.66
1993-04-15,448.40
1993-04-16,448.94
1993-04-19,447.46
1993-04-20,445.10
1993-04-21,443.63
1993-04-22,439.46
1993-04-23,437.03
1993-04-26,433.54
1993-04-27,438.01
1993-04-28,438.02
1993-04-29,438.89
1993-04-30,440.19
1993-05-03,442.46
1993-05-04,444.05
1993-05-05,444.52
1993-05-06,443.26
1993-05-07,442.31
1993-05-10,442.80
1993-05-11,444.36
1993-05-12,444.80
1993-05-13,439.23
1993-05-14,439.56
1993-05-17,440.37
1993-05-18,440.32
1993-05-19,447.57
1993-05-20,450.59
1993-05-21,445.84
1993-05-24,448.00
1993-05-25,448.85
1993-05-26,453.44
1993-05-27,452.41
1993-05-28,450.19
1993-06-01,453.83
1993-06-02,453.85
1993-06-03,452.49
1993-06-04,450.06
1993-06-07,447.69
1993-06-08,444.71
1993-06-09,445.78
1993-06-10,445.38
1993-06-11,447.26
1993-06-14,447.71
1993-06-15,446.27
1993-06-16,447.43
1993-06-17,448.54
1993-06-18,443.68
1993-06-21,446.22
1993-06-22,445.93
1993-06-23,443.19
1993-06-24,446.62
1993-06-25,447.60
1993-06-28,451.85
1993-06-29,450.69
1993-06-30,450.53
1993-07-01,449.02
1993-07-02,445.84
1993-07-06,441.43
1993-07-07,442.83
1993-07-08,448.64
1993-07-09,448.11
1993-07-12,448.98
1993-07-13,448.09
1993-07-14,450.08
1993-07-15,449.22
1993-07-16,445.75
1993-07-19,446.03
1993-07-20,447.31
1993-07-21,447.18
1993-07-22,444.51
1993-07-23,447.10
1993-07-26,449.09
1993-07-27,448.24
1993-07-28,447.19
1993-07-29,450.24
1993-07-30,448.13
1993-08-02,450.15
1993-08-03,449.27
1993-08-04,448.54
1993-08-05,448.13
1993-08-06,448.68
1993-08-09,450.72
1993-08-10,449.45
1993-08-11,450.46
1993-08-12,448.96
1993-08-13,450.14
1993-08-16,452.38
1993-08-17,453.13
1993-08-18,456.04
1993-08-19,456.43
1993-08-20,456.16
1993-08-23,455.23
1993-08-24,459.77
1993-08-25,460.13
1993-08-26,461.04
1993-08-27,460.54
1993-08-30,461.90
1993-08-31,463.56
1993-09-01,463.15
1993-09-02,461.30
1993-09-03,461.34
1993-09-07,458.52
1993-09-08,456.65
1993-09-09,457.50
1993-09-10,461.72
1993-09-13,462.06
1993-09-14,459.90
1993-09-15,461.60
1993-09-16,459.43
1993-09-17,458.83
1993-09-20,455.05
1993-09-21,452.95
1993-09-22,456.20
1993-09-23,457.74
1993-09-24,457.63
1993-09-27,461.80
1993-09-28,461.53
1993-09-29,460.11
1993-09-30,458.93
1993-10-01,461.28
1993-10-04,461.34
1993-10-05,461.20
1993-10-06,460.74
1993-10-07,459.18
1993-10-08,460.31
1993-10-11,460.88
1993-10-12,461.12
1993-10-13,461.49
1993-10-14,466.83
1993-10-15,469.50
1993-10-18,468.45
1993-10-19,466.21
1993-10-20,466.07
1993-10-21,465.36
1993-10-22,463.27
1993-10-25,464.20
1993-10-26,464.30
1993-10-27,464.61
1993-10-28,467.73
1993-10-29,467.83
1993-11-01,469.10
1993-11-02,468.44
1993-11-03,463.02
1993-11-04,457.49
1993-11-05,459.57
1993-11-08,460.21
1993-11-09,460.33
1993-11-10,463.72
1993-11-11,462.64
1993-11-12,465.39
1993-11-15,463.75
1993-11-16,466.74
1993-11-17,464.81
1993-11-18,463.62
1993-11-19,462.60
1993-11-22,459.13
1993-11-23,461.03
1993-11-24,462.36
1993-11-26,463.06
1993-11-29,461.90
1993-11-30,461.79
1993-12-01,461.89
1993-12-02,463.11
1993-12-03,464.89
1993-12-06,466.43
1993-12-07,466.76
1993-12-08,466.29
1993-12-09,464.18
1993-12-10,463.93
1993-12-13,465.70
1993-12-14,463.06
1993-12-15,461.84
1993-12-16,463.34
1993-12-17,466.38
1993-12-20,465.85
1993-12-21,465.30
1993-12-22,467.32
1993-12-23,467.38
1993-12-27,470.54
1993-12-28,470.94
1993-12-29,470.58
1993-12-30,468.64
1993-12-31,466.45
1994-01-03,465.44
1994-01-04,466.89
1994-01-05,467.55
1994-01-06,467.12
1994-01-07,469.90
1994-01-10,475.27
1994-01-11,474.13
1994-01-12,474.17
1994-01-13,472.47
1994-01-14,474.91
1994-01-17,473.30
1994-01-18,474.25
1994-01-19,474.30
1994-01-20,474.98
1994-01-21,474.72
1994-01-24,471.97
1994-01-25,470.92
1994-01-26,473.20
1994-01-27,477.05
1994-01-28,478.70
1994-01-31,481.61
1994-02-01,479.62
1994-02-02,482.00
1994-02-03,480.71
1994-02-04,469.81
1994-02-07,471.76
1994-02-08,471.05
1994-02-09,472.77
1994-02-10,468.93
1994-02-11,470.18
1994-02-14,470.23
1994-02-15,472.52
1994-02-16,472.79
1994-02-17,470.34
1994-02-18,467.69
1994-02-22,471.46
1994-02-23,470.69
1994-02-24,464.26
1994-02-25,466.07
1994-02-28,467.14
1994-03-01,464.44
1994-03-02,464.81
1994-03-03,463.01
1994-03-04,464.74
1994-03-07,466.91
1994-03-08,465.88
1994-03-09,467.06
1994-03-10,463.90
1994-03-11,466.44
1994-03-14,467.39
1994-03-15,467.01
1994-03-16,469.42
1994-03-17,470.90
1994-03-18,471.06
1994-03-21,468.54
1994-03-22,468.80
1994-03-23,468.54
1994-03-24,464.35
1994-03-25,460.58
1994-03-28,460.00
1994-03-29,452.48
1994-03-30,445.55
1994-03-31,445.77
1994-04-04,438.92
1994-04-05,448.29
1994-04-06,448.05
1994-04-07,450.88
1994-04-08,447.10
1994-04-11,449.87
1994-04-12,447.57
1994-04-13,446.26
1994-04-14,446.38
1994-04-15,446.18
1994-04-18,442.46
1994-04-19,442.54
1994-04-20,441.96
1994-04-21,448.73
1994-04-22,447.63
1994-04-25,452.71
1994-04-26,451.87
1994-04-28,449.10
1994-04-29,450.91
1994-05-02,453.02
1994-05-03,453.03
1994-05-04,451.72
1994-05-05,451.38
1994-05-06,447.82
1994-05-09,442.32
1994-05-10,446.01
1994-05-11,441.49
1994-05-12,443.75
1994-05-13,444.14
1994-05-16,444.49
1994-05-17,449.37
1994-05-18,453.69
1994-05-19,456.48
1994-05-20,454.92
1994-05-23,453.20
1994-05-24,454.81
1994-05-25,456.34
1994-05-26,457.06
1994-05-27,457.33
1994-05-31,456.50
1994-06-01,457.63
1994-06-02,457.65
1994-06-03,460.13
1994-06-06,458.88
1994-06-07,458.21
1994-06-08,457.06
1994-06-09,457.86
1994-06-10,458.67
1994-06-13,459.10
1994-06-14,462.37
1994-06-15,460.61
1994-06-16,461.93
1994-06-17,458.45
1994-06-20,455.48
1994-06-21,451.34
1994-06-22,453.09
1994-06-23,449.63
1994-06-24,442.80
1994-06-27,447.31
1994-06-28,446.07
1994-06-29,447.63
1994-06-30,444.27
1994-07-01,446.20
1994-07-05,446.37
1994-07-06,446.13
1994-07-07,448.38
1994-07-08,449.55
1994-07-11,448.06
1994-07-12,447.95
1994-07-13,448.73
1994-07-14,453.41
1994-07-15,454.16
1994-07-18,455.22
1994-07-19,453.86
1994-07-20,451.60
1994-07-21,452.61
1994-07-22,453.11
1994-07-25,454.25
1994-07-26,453.36
1994-07-27,452.57
1994-07-28,454.24
1994-07-29,458.26
1994-08-01,461.01
1994-08-02,460.56
1994-08-03,461.45
1994-08-04,458.40
1994-08-05,457.09
1994-08-08,457.89
1994-08-09,457.92
1994-08-10,460.30
1994-08-11,458.88
1994-08-12,461.94
1994-08-15,461.23
1994-08-16,465.01
1994-08-17,465.17
1994-08-18,463.17
1994-08-19,463.68
1994-08-22,462.32
1994-08-23,464.51
1994-08-24,469.03
1994-08-25,468.08
1994-08-26,473.80
1994-08-29,474.59
1994-08-30,476.07
1994-08-31,475.49
1994-09-01,473.17
1994-09-02,470.99
1994-09-06,471.86
1994-09-07,470.99
1994-09-08,473.14
1994-09-09,468.18
1994-09-12,466.21
1994-09-13,467.51
1994-09-14,468.80
1994-09-15,474.81
1994-09-16,471.19
1994-09-19,470.85
1994-09-20,463.36
1994-09-21,461.46
1994-09-22,461.27
1994-09-23,459.67
1994-09-26,460.82
1994-09-27,462.05
1994-09-28,464.84
1994-09-29,462.24
1994-09-30,462.71
1994-10-03,461.74
1994-10-04,454.59
1994-10-05,453.52
1994-10-06,452.36
1994-10-07,455.10
1994-10-10,459.04
1994-10-11,465.79
1994-10-12,465.47
1994-10-13,467.79
1994-10-14,469.10
1994-10-17,468.96
1994-10-18,467.66
1994-10-19,470.28
1994-10-20,466.85
1994-10-21,464.89
1994-10-24,460.83
1994-10-25,461.53
1994-10-26,462.62
1994-10-27,465.85
1994-10-28,473.77
1994-10-31,472.35
1994-11-01,468.42
1994-11-02,466.51
1994-11-03,467.91
1994-11-04,462.28
1994-11-07,463.07
1994-11-08,465.65
1994-11-09,465.40
1994-11-10,464.37
1994-11-11,462.35
1994-11-14,466.04
1994-11-15,465.03
1994-11-16,465.62
1994-11-17,463.57
1994-11-18,461.47
1994-11-21,458.30
1994-11-22,450.09
1994-11-23,449.93
1994-11-25,452.29
1994-11-28,454.16
1994-11-29,455.17
1994-11-30,453.69
1994-12-01,448.92
1994-12-02,453.30
1994-12-05,453.32
1994-12-06,453.11
1994-12-07,451.23
1994-12-08,445.45
1994-12-09,446.96
1994-12-12,449.47
1994-12-13,450.15
1994-12-14,454.97
1994-12-15,455.34
1994-12-16,458.80
1994-12-19,457.91
1994-12-20,457.10
1994-12-21,459.61
1994-12-22,459.68
1994-12-23,459.83
1994-12-27,462.47
1994-12-28,460.86
1994-12-29,461.17
1994-12-30,459.27
1995-01-03,459.11
1995-01-04,460.71
1995-01-05,460.34
1995-01-06,460.68
1995-01-09,460.83
1995-01-10,461.68
1995-01-11,461.66
1995-01-12,461.64
1995-01-13,465.97
1995-01-16,469.38
1995-01-17,470.05
1995-01-18,469.71
1995-01-19,466.95
1995-01-20,464.78
1995-01-23,465.82
1995-01-24,465.86
1995-01-25,467.44
1995-01-26,468.32
1995-01-27,470.39
1995-01-30,468.51
1995-01-31,470.42
1995-02-01,470.40
1995-02-02,472.79
1995-02-03,478.65
1995-02-06,481.14
1995-02-07,480.81
1995-02-08,481.19
1995-02-09,480.19
1995-02-10,481.46
1995-02-13,481.65
1995-02-14,482.55
1995-02-15,484.54
1995-02-16,485.22
1995-02-17,481.97
1995-02-21,482.72
1995-02-22,485.07
1995-02-23,486.91
1995-02-24,488.11
1995-02-27,483.81
1995-02-28,487.39
1995-03-01,485.65
1995-03-02,485.13
1995-03-03,485.42
1995-03-06,485.63
1995-03-07,482.12
1995-03-08,483.14
1995-03-09,483.16
1995-03-10,489.57
1995-03-13,490.05
1995-03-14,492.89
1995-03-15,491.88
1995-03-16,495.41
1995-03-17,495.52
1995-03-20,496.14
1995-03-21,495.07
1995-03-22,495.67
1995-03-23,495.95
1995-03-24,500.97
1995-03-27,503.20
1995-03-28,503.90
1995-03-29,503.12
1995-03-30,502.22
1995-03-31,500.71
1995-04-03,501.85
1995-04-04,505.24
1995-04-05,505.57
1995-04-06,506.08
1995-04-07,506.42
1995-04-10,507.01
1995-04-11,505.53
1995-04-12,507.17
1995-04-13,509.23
1995-04-17,506.13
1995-04-18,505.37
1995-04-19,504.92
1995-04-20,505.29
1995-04-21,508.49
1995-04-24,512.89
1995-04-25,512.10
1995-04-26,512.66
1995-04-27,513.55
1995-04-28,514.71
1995-05-01,514.26
1995-05-02,514.86
1995-05-03,520.48
1995-05-04,520.54
1995-05-05,520.12
1995-05-08,523.96
1995-05-09,523.56
1995-05-10,524.36
1995-05-11,524.37
1995-05-12,525.55
1995-05-15,527.74
1995-05-16,528.19
1995-05-17,527.07
1995-05-18,519.58
1995-05-19,519.19
1995-05-22,523.65
1995-05-23,528.59
1995-05-24,528.61
1995-05-25,528.59
1995-05-26,523.65
1995-05-30,523.58
1995-05-31,533.40
1995-06-01,533.49
1995-06-02,532.51
1995-06-05,535.60
1995-06-06,535.55
1995-06-07,533.13
1995-06-08,532.35
1995-06-09,527.94
1995-06-12,530.88
1995-06-13,536.05
1995-06-14,536.47
1995-06-15,537.12
1995-06-16,539.83
1995-06-19,545.22
1995-06-20,544.98
1995-06-21,543.98
1995-06-22,551.07
1995-06-23,549.71
1995-06-26,544.13
1995-06-27,542.43
1995-06-28,544.73
1995-06-29,543.87
1995-06-30,544.75
1995-07-03,547.09
1995-07-05,547.26
1995-07-06,553.99
1995-07-07,556.37
1995-07-10,557.19
1995-07-11,554.78
1995-07-12,560.89
1995-07-13,561.00
1995-07-14,559.89
1995-07-17,562.72
1995-07-18,558.46
1995-07-19,550.98
1995-07-20,553.54
1995-07-21,553.62
1995-07-24,556.63
1995-07-25,561.10
1995-07-26,561.61
1995-07-27,565.22
1995-07-28,562.93
1995-07-31,562.06
1995-08-01,559.64
1995-08-02,558.80
1995-08-03,558.75
1995-08-04,558.94
1995-08-07,560.03
1995-08-08,560.39
1995-08-09,559.71
1995-08-10,557.45
1995-08-11,555.11
1995-08-14,559.74
1995-08-15,558.57
1995-08-16,559.97
1995-08-17,559.04
1995-08-18,559.21
1995-08-21,558.11
1995-08-22,559.52
1995-08-23,557.14
1995-08-24,557.46
1995-08-25,560.10
1995-08-28,559.05
1995-08-29,560.00
1995-08-30,560.92
1995-08-31,561.88
1995-09-01,563.84
1995-09-05,569.17
1995-09-06,570.17
1995-09-07,570.29
1995-09-08,572.68
1995-09-11,573.91
1995-09-12,576.51
1995-09-13,578.77
1995-09-14,583.61
1995-09-15,583.35
1995-09-18,582.77
1995-09-19,584.20
1995-09-20,586.77
1995-09-21,583.00
1995-09-22,581.73
1995-09-25,581.81
1995-09-26,581.41
1995-09-27,581.04
1995-09-28,585.87
1995-09-29,584.41
1995-10-02,581.72
1995-10-03,582.34
1995-10-04,581.47
1995-10-05,582.63
1995-10-06,582.49
1995-10-09,578.37
1995-10-10,577.52
1995-10-11,579.46
1995-10-12,583.10
1995-10-13,584.50
1995-10-16,583.03
1995-10-17,586.78
1995-10-18,587.44
1995-10-19,590.65
1995-10-20,587.46
1995-10-23,585.06
1995-10-24,586.54
1995-10-25,582.47
1995-10-26,576.72
1995-10-27,579.70
1995-10-30,583.25
1995-10-31,581.50
1995-11-01,584.22
1995-11-02,589.72
1995-11-03,590.57
1995-11-06,588.46
1995-11-07,586.32
1995-11-08,591.71
1995-11-09,593.26
1995-11-10,592.72
1995-11-13,592.30
1995-11-14,589.29
1995-11-15,593.96
1995-11-16,597.34
1995-11-17,600.07
1995-11-20,596.85
1995-11-21,600.24
1995-11-22,598.40
1995-11-24,599.97
1995-11-27,601.32
1995-11-28,606.45
1995-11-29,607.64
1995-11-30,605.37
1995-12-01,606.98
1995-12-04,613.68
1995-12-05,617.68
1995-12-06,620.18
1995-12-07,616.17
1995-12-08,617.48
1995-12-11,619.52
1995-12-12,618.78
1995-12-13,621.69
1995-12-14,616.92
1995-12-15,616.34
1995-12-18,606.81
1995-12-19,611.93
1995-12-20,605.94
1995-12-21,610.49
1995-12-22,611.95
1995-12-26,614.30
1995-12-27,614.53
1995-12-28,614.12
1995-12-29,615.93
1996-01-02,620.73
1996-01-03,621.32
1996-01-04,617.70
1996-01-05,616.71
1996-01-08,618.46
1996-01-09,609.45
1996-01-10,598.48
1996-01-11,602.69
1996-01-12,601.81
1996-01-15,599.82
1996-01-16,608.44
1996-01-17,606.37
1996-01-18,608.24
1996-01-19,611.83
1996-01-22,613.40
1996-01-23,612.79
1996-01-24,619.96
1996-01-25,617.03
1996-01-26,621.62
1996-01-29,624.22
1996-01-30,630.15
1996-01-31,636.02
1996-02-01,638.46
1996-02-02,635.84
1996-02-05,641.43
1996-02-06,646.33
1996-02-07,649.93
1996-02-08,656.07
1996-02-09,656.37
1996-02-12,661.45
1996-02-13,660.51
1996-02-14,655.58
1996-02-15,651.32
1996-02-16,647.98
1996-02-20,640.65
1996-02-21,648.10
1996-02-22,658.86
1996-02-23,659.08
1996-02-26,650.46
1996-02-27,647.24
1996-02-28,644.75
1996-02-29,640.43
1996-03-01,644.37
1996-03-04,650.81
1996-03-05,655.79
1996-03-06,652.00
1996-03-07,653.65
1996-03-08,633.50
1996-03-11,640.02
1996-03-12,637.09
1996-03-13,638.55
1996-03-14,640.87
1996-03-15,641.43
1996-03-18,652.65
1996-03-19,651.69
1996-03-20,649.98
1996-03-21,649.19
1996-03-22,650.62
1996-03-25,650.04
1996-03-26,652.97
1996-03-27,648.91
1996-03-28,648.94
1996-03-29,645.50
1996-04-01,653.73
1996-04-02,655.26
1996-04-03,655.88
1996-04-04,655.86
1996-04-08,644.24
1996-04-09,642.19
1996-04-10,633.50
1996-04-11,631.18
1996-04-12,636.71
1996-04-15,642.49
1996-04-16,645.00
1996-04-17,641.61
1996-04-18,643.61
1996-04-19,645.07
1996-04-22,647.89
1996-04-23,651.58
1996-04-24,650.17
1996-04-25,652.87
1996-04-26,653.46
1996-04-29,654.16
1996-04-30,654.17
1996-05-01,654.58
1996-05-02,643.38
1996-05-03,641.63
1996-05-06,640.81
1996-05-07,638.26
1996-05-08,644.77
1996-05-09,645.44
1996-05-10,652.09
1996-05-13,661.51
1996-05-14,665.60
1996-05-15,665.42
1996-05-16,664.85
1996-05-17,668.91
1996-05-20,673.15
1996-05-21,672.76
1996-05-22,678.42
1996-05-23,676.00
1996-05-24,678.51
1996-05-28,672.23
1996-05-29,667.93
1996-05-30,671.70
1996-05-31,669.12
1996-06-03,667.68
1996-06-04,672.56
1996-06-05,678.44
1996-06-06,673.03
1996-06-07,673.31
1996-06-10,672.16
1996-06-11,670.97
1996-06-12,669.04
1996-06-13,667.92
1996-06-14,665.85
1996-06-17,665.16
1996-06-18,662.06
1996-06-19,661.96
1996-06-20,662.10
1996-06-21,666.84
1996-06-24,668.85
1996-06-25,668.48
1996-06-26,664.39
1996-06-27,668.55
1996-06-28,670.63
1996-07-01,675.88
1996-07-02,673.61
1996-07-03,672.40
1996-07-05,657.44
1996-07-08,652.54
1996-07-09,654.75
1996-07-10,656.06
1996-07-11,645.67
1996-07-12,646.19
1996-07-15,629.80
1996-07-16,628.37
1996-07-17,634.07
1996-07-18,643.56
1996-07-19,638.73
1996-07-22,633.77
1996-07-23,626.87
1996-07-24,626.65
1996-07-25,631.17
1996-07-26,635.90
1996-07-29,630.91
1996-07-30,635.26
1996-07-31,639.95
1996-08-01,650.02
1996-08-02,662.49
1996-08-05,660.23
1996-08-06,662.38
1996-08-07,664.16
1996-08-08,662.59
1996-08-09,662.10
1996-08-12,665.77
1996-08-13,660.20
1996-08-14,662.05
1996-08-15,662.28
1996-08-16,665.21
1996-08-19,666.58
1996-08-20,665.69
1996-08-21,665.07
1996-08-22,670.68
1996-08-23,667.03
1996-08-26,663.88
1996-08-27,666.40
1996-08-28,664.81
1996-08-29,657.40
1996-08-30,651.99
1996-09-03,654.72
1996-09-04,655.61
1996-09-05,649.44
1996-09-06,655.68
1996-09-09,663.76
1996-09-10,663.81
1996-09-11,667.28
1996-09-12,671.15
1996-09-13,680.54
1996-09-16,683.98
1996-09-17,682.94
1996-09-18,681.47
1996-09-19,683.00
1996-09-20,687.03
1996-09-23,686.48
1996-09-24,685.61
1996-09-25,685.83
1996-09-26,685.86
1996-09-27,686.19
1996-09-30,687.33
1996-10-01,689.08
1996-10-02,694.01
1996-10-03,692.78
1996-10-04,701.46
1996-10-07,703.34
1996-10-08,700.64
1996-10-09,696.74
1996-10-10,694.61
1996-10-11,700.66
1996-10-14,703.54
1996-10-15,702.57
1996-10-16,704.41
1996-10-17,706.99
1996-10-18,710.82
1996-10-21,709.85
1996-10-22,706.57
1996-10-23,707.27
1996-10-24,702.29
1996-10-25,700.92
1996-10-28,697.26
1996-10-29,701.50
1996-10-30,700.90
1996-10-31,705.27
1996-11-01,703.77
1996-11-04,706.73
1996-11-05,714.14
1996-11-06,724.59
1996-11-07,727.65
1996-11-08,730.82
1996-11-11,731.87
1996-11-12,729.56
1996-11-13,731.13
1996-11-14,735.88
1996-11-15,737.62
1996-11-18,737.02
1996-11-19,742.16
1996-11-20,743.95
1996-11-21,742.75
1996-11-22,748.73
1996-11-25,757.03
1996-11-26,755.96
1996-11-27,755.00
1996-11-29,757.02
1996-12-02,756.56
1996-12-03,748.28
1996-12-04,745.10
1996-12-05,744.38
1996-12-06,739.60
1996-12-09,749.76
1996-12-10,747.54
1996-12-11,740.73
1996-12-12,729.30
1996-12-13,728.64
1996-12-16,720.98
1996-12-17,726.04
1996-12-18,731.54
1996-12-19,745.76
1996-12-20,748.87
1996-12-23,746.92
1996-12-24,751.03
1996-12-26,755.82
1996-12-27,756.79
1996-12-30,753.85
1996-12-31,740.74
1997-01-02,737.01
1997-01-03,748.03
1997-01-06,747.65
1997-01-07,753.23
1997-01-08,748.41
1997-01-09,754.85
1997-01-10,759.50
1997-01-13,759.51
1997-01-14,768.86
1997-01-15,767.20
1997-01-16,769.75
1997-01-17,776.17
1997-01-20,776.70
1997-01-21,782.72
1997-01-22,786.23
1997-01-23,777.56
1997-01-24,770.52
1997-01-27,765.02
1997-01-28,765.02
1997-01-29,772.50
1997-01-30,784.17
1997-01-31,786.16
1997-02-03,786.73
1997-02-04,789.26
1997-02-05,778.28
1997-02-06,780.15
1997-02-07,789.56
1997-02-10,785.43
1997-02-11,789.59
1997-02-12,802.77
1997-02-13,811.82
1997-02-14,808.48
1997-02-18,816.29
1997-02-19,812.49
1997-02-20,802.80
1997-02-21,801.77
1997-02-24,810.28
1997-02-25,812.03
1997-02-26,805.68
1997-02-27,795.07
1997-02-28,790.82
1997-03-03,795.31
1997-03-04,790.95
1997-03-05,801.99
1997-03-06,798.56
1997-03-07,804.97
1997-03-10,813.65
1997-03-11,811.34
1997-03-12,804.26
1997-03-13,789.56
1997-03-14,793.17
1997-03-17,795.71
1997-03-18,789.66
1997-03-19,785.77
1997-03-20,782.65
1997-03-21,784.10
1997-03-24,790.89
1997-03-25,789.07
1997-03-26,790.50
1997-03-27,773.88
1997-03-31,757.12
1997-04-01,759.64
1997-04-02,750.11
1997-04-03,750.32
1997-04-04,757.90
1997-04-07,762.13
1997-04-08,766.12
1997-04-09,760.60
1997-04-10,758.34
1997-04-11,737.65
1997-04-14,743.73
1997-04-15,754.72
1997-04-16,763.53
1997-04-17,761.77
1997-04-18,766.34
1997-04-21,760.37
1997-04-22,774.61
1997-04-23,773.64
1997-04-24,771.18
1997-04-25,765.37
1997-04-28,772.96
1997-04-29,794.05
1997-04-30,801.34
1997-05-01,798.53
1997-05-02,812.97
1997-05-05,830.29
1997-05-06,827.76
1997-05-07,815.62
1997-05-08,820.26
1997-05-09,824.78
1997-05-12,837.66
1997-05-13,833.13
1997-05-14,836.04
1997-05-15,841.88
1997-05-16,829.75
1997-05-19,833.27
1997-05-20,841.66
1997-05-21,839.35
1997-05-22,835.66
1997-05-23,847.03
1997-05-27,849.71
1997-05-28,847.21
1997-05-29,844.08
1997-05-30,848.28
1997-06-02,846.36
1997-06-03,845.48
1997-06-04,840.11
1997-06-05,843.43
1997-06-06,858.01
1997-06-09,862.91
1997-06-10,865.27
1997-06-11,869.57
1997-06-12,883.46
1997-06-13,893.27
1997-06-16,893.90
1997-06-17,894.42
1997-06-18,889.06
1997-06-19,897.99
1997-06-20,898.70
1997-06-23,878.62
1997-06-24,896.34
1997-06-25,888.99
1997-06-26,883.68
1997-06-27,887.30
1997-06-30,885.14
1997-07-01,891.03
1997-07-02,904.03
1997-07-03,916.92
1997-07-07,912.20
1997-07-08,918.75
1997-07-09,907.54
1997-07-10,913.78
1997-07-11,916.68
1997-07-14,918.38
1997-07-15,925.76
1997-07-16,936.59
1997-07-17,931.61
1997-07-18,915.30
1997-07-21,912.94
1997-07-22,933.98
1997-07-23,936.56
1997-07-24,940.30
1997-07-25,938.79
1997-07-28,936.45
1997-07-29,942.29
1997-07-30,952.29
1997-07-31,954.31
1997-08-01,947.14
1997-08-04,950.30
1997-08-05,952.37
1997-08-06,960.32
1997-08-07,951.19
1997-08-08,933.54
1997-08-11,937.00
1997-08-12,926.53
1997-08-13,922.02
1997-08-14,924.77
1997-08-15,900.81
1997-08-18,912.49
1997-08-19,926.01
1997-08-20,939.35
1997-08-21,925.05
1997-08-22,923.54
1997-08-25,920.16
1997-08-26,913.02
1997-08-27,913.70
1997-08-28,903.67
1997-08-29,899.47
1997-09-02,927.58
1997-09-03,927.86
1997-09-04,930.87
1997-09-05,929.05
1997-09-08,931.20
1997-09-09,933.62
1997-09-10,919.03
1997-09-11,912.59
1997-09-12,923.91
1997-09-15,919.77
1997-09-16,945.64
1997-09-17,943.00
1997-09-18,947.29
1997-09-19,950.51
1997-09-22,955.43
1997-09-23,951.93
1997-09-24,944.48
1997-09-25,937.91
1997-09-26,945.22
1997-09-29,953.34
1997-09-30,947.28
1997-10-01,955.41
1997-10-02,960.46
1997-10-03,965.03
1997-10-06,972.69
1997-10-07,983.12
1997-10-08,973.84
1997-10-09,970.62
1997-10-10,966.98
1997-10-13,968.10
1997-10-14,970.28
1997-10-15,965.72
1997-10-16,955.25
1997-10-17,944.16
1997-10-20,955.61
1997-10-21,972.28
1997-10-22,968.49
1997-10-23,950.69
1997-10-24,941.64
1997-10-27,876.99
1997-10-28,921.85
1997-10-29,919.16
1997-10-30,903.68
1997-10-31,914.62
1997-11-03,938.99
1997-11-04,940.76
1997-11-05,942.76
1997-11-06,938.03
1997-11-07,927.51
1997-11-10,921.13
1997-11-11,923.78
1997-11-12,905.96
1997-11-13,916.66
1997-11-14,928.35
1997-11-17,946.20
1997-11-18,938.23
1997-11-19,944.59
1997-11-20,958.98
1997-11-21,963.09
1997-11-24,946.67
1997-11-25,950.82
1997-11-26,951.64
1997-11-28,955.40
1997-12-01,974.77
1997-12-02,971.68
1997-12-03,976.77
1997-12-04,973.10
1997-12-05,983.79
1997-12-08,982.37
1997-12-09,975.78
1997-12-10,969.79
1997-12-11,954.94
1997-12-12,953.39
1997-12-15,963.39
1997-12-16,968.04
1997-12-17,965.54
1997-12-18,955.30
1997-12-19,946.78
1997-12-22,953.70
1997-12-23,939.13
1997-12-24,932.70
1997-12-26,936.46
1997-12-29,953.35
1997-12-30,970.84
1997-12-31,970.43
1998-01-02,975.04
1998-01-05,977.07
1998-01-06,966.58
1998-01-07,964.00
1998-01-08,956.05
1998-01-09,927.69
1998-01-12,939.21
1998-01-13,952.12
1998-01-14,957.94
1998-01-15,950.73
1998-01-16,961.51
1998-01-20,978.60
1998-01-21,970.81
1998-01-22,963.04
1998-01-23,957.59
1998-01-26,956.95
1998-01-27,969.02
1998-01-28,977.46
1998-01-29,985.49
1998-01-30,980.28
1998-02-02,1001.27
1998-02-03,1006.00
1998-02-04,1006.90
1998-02-05,1003.54
1998-02-06,1012.46
1998-02-09,1010.74
1998-02-10,1019.01
1998-02-11,1020.01
1998-02-12,1024.14
1998-02-13,1020.09
1998-02-17,1022.76
1998-02-18,1032.08
1998-02-19,1028.28
1998-02-20,1034.21
1998-02-23,1038.14
1998-02-24,1030.56
1998-02-25,1042.90
1998-02-26,1048.67
1998-02-27,1049.34
1998-03-02,1047.70
1998-03-03,1052.02
1998-03-04,1047.33
1998-03-05,1035.05
1998-03-06,1055.69
1998-03-09,1052.31
1998-03-10,1064.25
1998-03-11,1068.47
1998-03-12,1069.92
1998-03-13,1068.61
1998-03-16,1079.27
1998-03-17,1080.45
1998-03-18,1085.52
1998-03-19,1089.74
1998-03-20,1099.16
1998-03-23,1095.55
1998-03-24,1105.65
1998-03-25,1101.93
1998-03-26,1100.80
1998-03-27,1095.44
1998-03-30,1093.60
1998-03-31,1101.75
1998-04-01,1108.15
1998-04-02,1120.01
1998-04-03,1122.70
1998-04-06,1121.38
1998-04-07,1109.55
1998-04-08,1101.65
1998-04-09,1110.67
1998-04-13,1109.69
1998-04-14,1115.75
1998-04-15,1119.32
1998-04-16,1108.17
1998-04-17,1122.72
1998-04-20,1123.65
1998-04-21,1126.67
1998-04-22,1130.54
1998-04-23,1119.58
1998-04-24,1107.90
1998-04-27,1086.54
1998-04-28,1085.11
1998-04-29,1094.62
1998-04-30,1111.75
1998-05-01,1121.00
1998-05-04,1122.07
1998-05-05,1115.50
1998-05-06,1104.92
1998-05-07,1095.14
1998-05-08,1108.14
1998-05-11,1106.64
1998-05-12,1115.79
1998-05-13,1118.86
1998-05-14,1117.37
1998-05-15,1108.73
1998-05-18,1105.82
1998-05-19,1109.52
1998-05-20,1119.06
1998-05-21,1114.64
1998-05-22,1110.47
1998-05-26,1094.02
1998-05-27,1092.23
1998-05-28,1097.60
1998-05-29,1090.82
1998-06-01,1090.98
1998-06-02,1093.22
1998-06-03,1082.73
1998-06-04,1094.83
1998-06-05,1113.86
1998-06-08,1115.72
1998-06-09,1118.41
1998-06-10,1112.28
1998-06-11,1094.58
1998-06-12,1098.84
1998-06-15,1077.01
1998-06-16,1087.59
1998-06-17,1107.11
1998-06-18,1106.37
1998-06-19,1100.65
1998-06-22,1103.21
1998-06-23,1119.49
1998-06-24,1132.88
1998-06-25,1129.28
1998-06-26,1133.20
1998-06-29,1138.49
1998-06-30,1133.84
1998-07-01,1148.56
1998-07-02,1146.42
1998-07-06,1157.33
1998-07-07,1154.66
1998-07-08,1166.38
1998-07-09,1158.56
1998-07-10,1164.33
1998-07-13,1165.19
1998-07-14,1177.58
1998-07-15,1174.81
1998-07-16,1183.99
1998-07-17,1186.75
1998-07-20,1184.10
1998-07-21,1165.07
1998-07-22,1164.08
1998-07-23,1139.75
1998-07-24,1140.80
1998-07-27,1147.27
1998-07-28,1130.24
1998-07-29,1125.21
1998-07-30,1142.95
1998-07-31,1120.67
1998-08-03,1112.44
1998-08-04,1072.12
1998-08-05,1081.43
1998-08-06,1089.63
1998-08-07,1089.45
1998-08-10,1083.14
1998-08-11,1068.98
1998-08-12,1084.22
1998-08-13,1074.91
1998-08-14,1062.75
1998-08-17,1083.67
1998-08-18,1101.20
1998-08-19,1098.06
1998-08-20,1091.60
1998-08-21,1081.24
1998-08-24,1088.14
1998-08-25,1092.85
1998-08-26,1084.19
1998-08-27,1042.59
1998-08-28,1027.14
1998-08-31,957.28
1998-09-01,994.26
1998-09-02,990.48
1998-09-03,982.26
1998-09-04,973.89
1998-09-08,1023.46
1998-09-09,1006.20
1998-09-10,980.19
1998-09-11,1009.06
1998-09-14,1029.72
1998-09-15,1037.68
1998-09-16,1045.48
1998-09-17,1018.87
1998-09-18,1020.09
1998-09-21,1023.89
1998-09-22,1029.63
1998-09-23,1066.09
1998-09-24,1042.72
1998-09-25,1044.75
1998-09-28,1048.69
1998-09-29,1049.02
1998-09-30,1017.01
1998-10-01,986.39
1998-10-02,1002.60
1998-10-05,988.56
1998-10-06,984.59
1998-10-07,970.68
1998-10-08,959.44
1998-10-09,984.39
1998-10-12,997.71
1998-10-13,994.80
1998-10-14,1005.53
1998-10-15,1047.49
1998-10-16,1056.42
1998-10-19,1062.39
1998-10-20,1063.93
1998-10-21,1069.92
1998-10-22,1078.48
1998-10-23,1070.67
1998-10-26,1072.32
1998-10-27,1065.34
1998-10-28,1068.09
1998-10-29,1085.93
1998-10-30,1098.67
1998-11-02,1111.60
1998-11-03,1110.84
1998-11-04,1118.67
1998-11-05,1133.85
1998-11-06,1141.01
1998-11-09,1130.20
1998-11-10,1128.26
1998-11-11,1120.97
1998-11-12,1117.69
1998-11-13,1125.72
1998-11-16,1135.87
1998-11-17,1139.32
1998-11-18,1144.48
1998-11-19,1152.61
1998-11-20,1163.55
1998-11-23,1188.21
1998-11-24,1182.99
1998-11-25,1186.87
1998-11-27,1192.33
1998-11-30,1163.63
1998-12-01,1175.28
1998-12-02,1171.25
1998-12-03,1150.14
1998-12-04,1176.74
1998-12-07,1187.70
1998-12-08,1181.38
1998-12-09,1183.49
1998-12-10,1165.02
1998-12-11,1166.46
1998-12-14,1141.20
1998-12-15,1162.83
1998-12-16,1161.94
1998-12-17,1179.98
1998-12-18,1188.03
1998-12-21,1202.84
1998-12-22,1203.57
1998-12-23,1228.54
1998-12-24,1226.27
1998-12-28,1225.49
1998-12-29,1241.81
1998-12-30,1231.93
1998-12-31,1229.23
1999-01-04,1228.10
1999-01-05,1244.78
1999-01-06,1272.34
1999-01-07,1269.73
1999-01-08,1275.09
1999-01-11,1263.88
1999-01-12,1239.51
1999-01-13,1234.40
1999-01-14,1212.19
1999-01-15,1243.26
1999-01-19,1252.00
1999-01-20,1256.62
1999-01-21,1235.16
1999-01-22,1225.19
1999-01-25,1233.98
1999-01-26,1252.31
1999-01-27,1243.17
1999-01-28,1265.37
1999-01-29,1279.64
1999-02-01,1273.00
1999-02-02,1261.99
1999-02-03,1272.07
1999-02-04,1248.49
1999-02-05,1239.40
1999-02-08,1243.77
1999-02-09,1216.14
1999-02-10,1223.55
1999-02-11,1254.04
1999-02-12,1230.13
1999-02-16,1241.87
1999-02-17,1224.03
1999-02-18,1237.28
1999-02-19,1239.22
1999-02-22,1272.14
1999-02-23,1271.18
1999-02-24,1253.41
1999-02-25,1245.02
1999-02-26,1238.33
1999-03-01,1236.16
1999-03-02,1225.50
1999-03-03,1227.70
1999-03-04,1246.64
1999-03-05,1275.47
1999-03-08,1282.73
1999-03-09,1279.84
1999-03-10,1286.84
1999-03-11,1297.68
1999-03-12,1294.59
1999-03-15,1307.26
1999-03-16,1306.38
1999-03-17,1297.82
1999-03-18,1316.55
1999-03-19,1299.29
1999-03-22,1297.01
1999-03-23,1262.14
1999-03-24,1268.59
1999-03-25,1289.99
1999-03-26,1282.80
1999-03-29,1310.17
1999-03-30,1300.75
1999-03-31,1286.37
1999-04-01,1293.72
1999-04-05,1321.12
1999-04-06,1317.89
1999-04-07,1326.89
1999-04-08,1343.98
1999-04-09,1348.35
1999-04-12,1358.63
1999-04-13,1349.82
1999-04-14,1328.44
1999-04-15,1322.85
1999-04-16,1319.00
1999-04-19,1289.48
1999-04-20,1306.17
1999-04-21,1336.12
1999-04-22,1358.82
1999-04-23,1356.85
1999-04-26,1360.04
1999-04-27,1362.80
1999-04-28,1350.91
1999-04-29,1342.83
1999-04-30,1335.18
1999-05-03,1354.63
1999-05-04,1332.00
1999-05-05,1347.31
1999-05-06,1332.05
1999-05-07,1345.00
1999-05-10,1340.30
1999-05-11,1355.61
1999-05-12,1364.00
1999-05-13,1367.56
1999-05-14,1337.80
1999-05-17,1339.49
1999-05-18,1333.32
1999-05-19,1344.23
1999-05-20,1338.83
1999-05-21,1330.29
1999-05-24,1306.65
1999-05-25,1284.40
1999-05-26,1304.76
1999-05-27,1281.41
1999-05-28,1301.84
1999-06-01,1294.26
1999-06-02,1294.81
1999-06-03,1299.54
1999-06-04,1327.75
1999-06-07,1334.52
1999-06-08,1317.33
1999-06-09,1318.64
1999-06-10,1302.82
1999-06-11,1293.64
1999-06-14,1294.00
1999-06-15,1301.16
1999-06-16,1330.41
1999-06-17,1339.90
1999-06-18,1342.84
1999-06-21,1349.00
1999-06-22,1335.88
1999-06-23,1333.06
1999-06-24,1315.78
1999-06-25,1315.31
1999-06-28,1331.35
1999-06-29,1351.45
1999-06-30,1372.71
1999-07-01,1380.96
1999-07-02,1391.22
1999-07-06,1388.12
1999-07-07,1395.86
1999-07-08,1394.42
1999-07-09,1403.28
1999-07-12,1399.10
1999-07-13,1393.56
1999-07-14,1398.17
1999-07-15,1409.62
1999-07-16,1418.78
1999-07-19,1407.65
1999-07-20,1377.10
1999-07-21,1379.29
1999-07-22,1360.97
1999-07-23,1356.94
1999-07-26,1347.76
1999-07-27,1362.84
1999-07-28,1365.40
1999-07-29,1341.03
1999-07-30,1328.72
1999-08-02,1328.05
1999-08-03,1322.18
1999-08-04,1305.33
1999-08-05,1313.71
1999-08-06,1300.29
1999-08-09,1297.80
1999-08-10,1281.43
1999-08-11,1301.93
1999-08-12,1298.16
1999-08-13,1327.68
1999-08-16,1330.77
1999-08-17,1344.16
1999-08-18,1332.84
1999-08-19,1323.59
1999-08-20,1336.61
1999-08-23,1360.22
1999-08-24,1363.50
1999-08-25,1381.79
1999-08-26,1362.01
1999-08-27,1348.27
1999-08-30,1324.02
1999-08-31,1320.41
1999-09-01,1331.07
1999-09-02,1319.11
1999-09-03,1357.24
1999-09-07,1350.45
1999-09-08,1344.15
1999-09-09,1347.66
1999-09-10,1351.66
1999-09-13,1344.13
1999-09-14,1336.29
1999-09-15,1317.97
1999-09-16,1318.48
1999-09-17,1335.42
1999-09-20,1335.53
1999-09-21,1307.58
1999-09-22,1310.51
1999-09-23,1280.41
1999-09-24,1277.36
1999-09-27,1283.31
1999-09-28,1282.20
1999-09-29,1268.37
1999-09-30,1282.71
1999-10-01,1282.81
1999-10-04,1304.60
1999-10-05,1301.35
1999-10-06,1325.40
1999-10-07,1317.64
1999-10-08,1336.02
1999-10-11,1335.21
1999-10-12,1313.04
1999-10-13,1285.55
1999-10-14,1283.42
1999-10-15,1247.41
1999-10-18,1254.13
1999-10-19,1261.32
1999-10-20,1289.43
1999-10-21,1283.61
1999-10-22,1301.65
1999-10-25,1293.63
1999-10-26,1281.91
1999-10-27,1296.71
1999-10-28,1342.44
1999-10-29,1362.93
1999-11-01,1354.12
1999-11-02,1347.74
1999-11-03,1354.93
1999-11-04,1362.64
1999-11-05,1370.23
1999-11-08,1377.01
1999-11-09,1365.28
1999-11-10,1373.46
1999-11-11,1381.46
1999-11-12,1396.06
1999-11-15,1394.39
1999-11-16,1420.07
1999-11-17,1410.71
1999-11-18,1424.94
1999-11-19,1422.00
1999-11-22,1420.94
1999-11-23,1404.64
1999-11-24,1417.08
1999-11-26,1416.62
1999-11-29,1407.83
1999-11-30,1388.91
1999-12-01,1397.72
1999-12-02,1409.04
1999-12-03,1433.30
1999-12-06,1423.33
1999-12-07,1409.17
1999-12-08,1403.88
1999-12-09,1408.11
1999-12-10,1417.04
1999-12-13,1415.22
1999-12-14,1403.17
1999-12-15,1413.33
1999-12-16,1418.78
1999-12-17,1421.03
1999-12-20,1418.09
1999-12-21,1433.43
1999-12-22,1436.13
1999-12-23,1458.34
1999-12-27,1457.10
1999-12-28,1457.66
1999-12-29,1463.46
1999-12-30,1464.47
1999-12-31,1469.25
2000-01-03,1455.22
2000-01-04,1399.42
2000-01-05,1402.11
2000-01-06,1403.45
2000-01-07,1441.47
2000-01-10,1457.60
2000-01-11,1438.56
2000-01-12,1432.25
2000-01-13,1449.68
2000-01-14,1465.15
2000-01-18,1455.14
2000-01-19,1455.90
2000-01-20,1445.57
2000-01-21,1441.36
2000-01-24,1401.53
2000-01-25,1410.03
2000-01-26,1404.09
2000-01-27,1398.56
2000-01-28,1360.16
2000-01-31,1394.46
2000-02-01,1409.28
2000-02-02,1409.12
2000-02-03,1424.97
2000-02-04,1424.37
2000-02-07,1424.24
2000-02-08,1441.72
2000-02-09,1411.71
2000-02-10,1416.83
2000-02-11,1387.12
2000-02-14,1389.94
2000-02-15,1402.05
2000-02-16,1387.67
2000-02-17,1388.26
2000-02-18,1346.09
2000-02-22,1352.17
2000-02-23,1360.69
2000-02-24,1353.43
2000-02-25,1333.36
2000-02-28,1348.05
2000-02-29,1366.42
2000-03-01,1379.19
2000-03-02,1381.76
2000-03-03,1409.17
2000-03-06,1391.28
2000-03-07,1355.62
2000-03-08,1366.70
2000-03-09,1401.69
2000-03-10,1395.07
2000-03-13,1383.62
2000-03-14,1359.15
2000-03-15,1392.14
2000-03-16,1458.47
2000-03-17,1464.47
2000-03-20,1456.63
2000-03-21,1493.87
2000-03-22,1500.64
2000-03-23,1527.35
2000-03-24,1527.46
2000-03-27,1523.86
2000-03-28,1507.73
2000-03-29,1508.52
2000-03-30,1487.92
2000-03-31,1498.58
2000-04-03,1505.97
2000-04-04,1494.73
2000-04-05,1487.37
2000-04-06,1501.34
2000-04-07,1516.35
2000-04-10,1504.46
2000-04-11,1500.59
2000-04-12,1467.17
2000-04-13,1440.51
2000-04-14,1356.56
2000-04-17,1401.44
2000-04-18,1441.61
2000-04-19,1427.47
2000-04-20,1434.54
2000-04-24,1429.86
2000-04-25,1477.44
2000-04-26,1460.99
2000-04-27,1464.92
2000-04-28,1452.43
2000-05-01,1468.25
2000-05-02,1446.29
2000-05-03,1415.10
2000-05-04,1409.57
2000-05-05,1432.63
2000-05-08,1424.17
2000-05-09,1412.14
2000-05-10,1383.05
2000-05-11,1407.81
2000-05-12,1420.96
2000-05-15,1452.36
2000-05-16,1466.04
2000-05-17,1447.80
2000-05-18,1437.21
2000-05-19,1406.95
2000-05-22,1400.72
2000-05-23,1373.86
2000-05-24,1399.05
2000-05-25,1381.52
2000-05-26,1378.02
2000-05-30,1422.45
2000-05-31,1420.60
2000-06-01,1448.81
2000-06-02,1477.26
2000-06-05,1467.63
2000-06-06,1457.84
2000-06-07,1471.36
2000-06-08,1461.67
2000-06-09,1456.95
2000-06-12,1446.00
2000-06-13,1469.44
2000-06-14,1470.54
2000-06-15,1478.73
2000-06-16,1464.46
2000-06-19,1486.00
2000-06-20,1475.95
2000-06-21,1479.13
2000-06-22,1452.18
2000-06-23,1441.48
2000-06-26,1455.31
2000-06-27,1450.55
2000-06-28,1454.82
2000-06-29,1442.39
2000-06-30,1454.60
2000-07-03,1469.54
2000-07-05,1446.23
2000-07-06,1456.67
2000-07-07,1478.90
2000-07-10,1475.62
2000-07-11,1480.88
2000-07-12,1492.92
2000-07-13,1495.84
2000-07-14,1509.98
2000-07-17,1510.49
2000-07-18,1493.74
2000-07-19,1481.96
2000-07-20,1495.57
2000-07-21,1480.19
2000-07-24,1464.29
2000-07-25,1474.47
2000-07-26,1452.42
2000-07-27,1449.62
2000-07-28,1419.89
2000-07-31,1430.83
2000-08-01,1438.10
2000-08-02,1438.70
2000-08-03,1452.56
2000-08-04,1462.93
2000-08-07,1479.32
2000-08-08,1482.80
2000-08-09,1472.87
2000-08-10,1460.25
2000-08-11,1471.84
2000-08-14,1491.56
2000-08-15,1484.43
2000-08-16,1479.85
2000-08-17,1496.07
2000-08-18,1491.72
2000-08-21,1499.48
2000-08-22,1498.13
2000-08-23,1505.97
2000-08-24,1508.31
2000-08-25,1506.45
2000-08-28,1514.09
2000-08-29,1509.84
2000-08-30,1502.59
2000-08-31,1517.68
2000-09-01,1520.77
2000-09-05,1507.08
2000-09-06,1492.25
2000-09-07,1502.51
2000-09-08,1494.50
2000-09-11,1489.26
2000-09-12,1481.99
2000-09-13,1484.91
2000-09-14,1480.87
2000-09-15,1465.81
2000-09-18,1444.51
2000-09-19,1459.90
2000-09-20,1451.34
2000-09-21,1449.05
2000-09-22,1448.72
2000-09-25,1439.03
2000-09-26,1427.21
2000-09-27,1426.57
2000-09-28,1458.29
2000-09-29,1436.51
2000-10-02,1436.23
2000-10-03,1426.46
2000-10-04,1434.32
2000-10-05,1436.28
2000-10-06,1408.99
2000-10-09,1402.03
2000-10-10,1387.02
2000-10-11,1364.59
2000-10-12,1329.78
2000-10-13,1374.17
2000-10-16,1374.62
2000-10-17,1349.97
2000-10-18,1342.13
2000-10-19,1388.76
2000-10-20,1396.93
2000-10-23,1395.78
2000-10-24,1398.13
2000-10-25,1364.90
2000-10-26,1364.44
2000-10-27,1379.58
2000-10-30,1398.66
2000-10-31,1429.40
2000-11-01,1421.22
2000-11-02,1428.32
2000-11-03,1426.69
2000-11-06,1432.19
2000-11-07,1431.87
2000-11-08,1409.28
2000-11-09,1400.14
2000-11-10,1365.98
2000-11-13,1351.26
2000-11-14,1382.95
2000-11-15,1389.81
2000-11-16,1372.32
2000-11-17,1367.72
2000-11-20,1342.62
2000-11-21,1347.35
2000-11-22,1322.36
2000-11-24,1341.77
2000-11-27,1348.97
2000-11-28,1336.09
2000-11-29,1341.93
2000-11-30,1314.95
2000-12-01,1315.23
2000-12-04,1324.97
2000-12-05,1376.54
2000-12-06,1351.46
2000-12-07,1343.55
2000-12-08,1369.89
2000-12-11,1380.20
2000-12-12,1371.18
2000-12-13,1359.99
2000-12-14,1340.93
2000-12-15,1312.15
2000-12-18,1322.74
2000-12-19,1305.60
2000-12-20,1264.74
2000-12-21,1274.86
2000-12-22,1305.95
2000-12-26,1315.19
2000-12-27,1328.92
2000-12-28,1334.22
2000-12-29,1320.28
2001-01-02,1283.27
2001-01-03,1347.56
2001-01-04,1333.34
2001-01-05,1298.35
2001-01-08,1295.86
2001-01-09,1300.80
2001-01-10,1313.27
2001-01-11,1326.82
2001-01-12,1318.55
2001-01-16,1326.65
2001-01-17,1329.47
2001-01-18,1347.97
2001-01-19,1342.54
2001-01-22,1342.90
2001-01-23,1360.40
2001-01-24,1364.30
2001-01-25,1357.51
2001-01-26,1354.95
2001-01-29,1364.17
2001-01-30,1373.73
2001-01-31,1366.01
2001-02-01,1373.47
2001-02-02,1349.47
2001-02-05,1354.31
2001-02-06,1352.26
2001-02-07,1340.89
2001-02-08,1332.53
2001-02-09,1314.76
2001-02-12,1330.31
2001-02-13,1318.80
2001-02-14,1315.92
2001-02-15,1326.61
2001-02-16,1301.53
2001-02-20,1278.94
2001-02-21,1255.27
2001-02-22,1252.82
2001-02-23,1245.86
2001-02-26,1267.65
2001-02-27,1257.94
2001-02-28,1239.94
2001-03-01,1241.23
2001-03-02,1234.18
2001-03-05,1241.41
2001-03-06,1253.80
2001-03-07,1261.89
2001-03-08,1264.74
2001-03-09,1233.42
2001-03-12,1180.16
2001-03-13,1197.66
2001-03-14,1166.71
2001-03-15,1173.56
2001-03-16,1150.53
2001-03-19,1170.81
2001-03-20,1142.62
2001-03-21,1122.14
2001-03-22,1117.58
2001-03-23,1139.83
2001-03-26,1152.69
2001-03-27,1182.17
2001-03-28,1153.29
2001-03-29,1147.95
2001-03-30,1160.33
2001-04-02,1145.87
2001-04-03,1106.46
2001-04-04,1103.25
2001-04-05,1151.44
2001-04-06,1128.43
2001-04-09,1137.59
2001-04-10,1168.38
2001-04-11,1165.89
2001-04-12,1183.50
2001-04-16,1179.68
2001-04-17,1191.81
2001-04-18,1238.16
2001-04-19,1253.69
2001-04-20,1242.98
2001-04-23,1224.36
2001-04-24,1209.47
2001-04-25,1228.75
2001-04-26,1234.52
2001-04-27,1253.05
2001-04-30,1249.46
2001-05-01,1266.44
2001-05-02,1267.43
2001-05-03,1248.58
2001-05-04,1266.61
2001-05-07,1263.51
2001-05-08,1261.20
2001-05-09,1255.54
2001-05-10,1255.18
2001-05-11,1245.67
2001-05-14,1248.92
2001-05-15,1249.44
2001-05-16,1284.99
2001-05-17,1288.49
2001-05-18,1291.96
2001-05-21,1312.83
2001-05-22,1309.38
2001-05-23,1289.05
2001-05-24,1293.17
2001-05-25,1277.89
2001-05-29,1267.93
2001-05-30,1248.08
2001-05-31,1255.82
2001-06-01,1260.67
2001-06-04,1267.11
2001-06-05,1283.57
2001-06-06,1270.03
2001-06-07,1276.96
2001-06-08,1264.96
2001-06-11,1254.39
2001-06-12,1255.85
2001-06-13,1241.60
2001-06-14,1219.87
2001-06-15,1214.36
2001-06-18,1208.43
2001-06-19,1212.58
2001-06-20,1223.14
2001-06-21,1237.04
2001-06-22,1225.35
2001-06-25,1218.60
2001-06-26,1216.76
2001-06-27,1211.07
2001-06-28,1226.20
2001-06-29,1224.38
2001-07-02,1236.72
2001-07-03,1234.45
2001-07-05,1219.24
2001-07-06,1190.59
2001-07-09,1198.78
2001-07-10,1181.52
2001-07-11,1180.18
2001-07-12,1208.14
2001-07-13,1215.68
2001-07-16,1202.45
2001-07-17,1214.44
2001-07-18,1207.71
2001-07-19,1215.02
2001-07-20,1210.85
2001-07-23,1191.03
2001-07-24,1171.65
2001-07-25,1190.49
2001-07-26,1202.93
2001-07-27,1205.82
2001-07-30,1204.52
2001-07-31,1211.23
2001-08-01,1215.93
2001-08-02,1220.75
2001-08-03,1214.35
2001-08-06,1200.48
2001-08-07,1204.40
2001-08-08,1183.53
2001-08-09,1183.43
2001-08-10,1190.16
2001-08-13,1191.29
2001-08-14,1186.73
2001-08-15,1178.02
2001-08-16,1181.66
2001-08-17,1161.97
2001-08-20,1171.41
2001-08-21,1157.26
2001-08-22,1165.31
2001-08-23,1162.09
2001-08-24,1184.93
2001-08-27,1179.21
2001-08-28,1161.51
2001-08-29,1148.56
2001-08-30,1129.03
2001-08-31,1133.58
2001-09-04,1132.94
2001-09-05,1131.74
2001-09-06,1106.40
2001-09-07,1085.78
2001-09-10,1092.54
2001-09-17,1038.77
2001-09-18,1032.74
2001-09-19,1016.10
2001-09-20,984.54
2001-09-21,965.80
2001-09-24,1003.45
2001-09-25,1012.27
2001-09-26,1007.04
2001-09-27,1018.61
2001-09-28,1040.94
2001-10-01,1038.55
2001-10-02,1051.33
2001-10-03,1072.28
2001-10-04,1069.63
2001-10-05,1071.38
2001-10-08,1062.44
2001-10-09,1056.75
2001-10-10,1080.99
2001-10-11,1097.43
2001-10-12,1091.65
2001-10-15,1089.98
2001-10-16,1097.54
2001-10-17,1077.09
2001-10-18,1068.61
2001-10-19,1073.48
2001-10-22,1089.90
2001-10-23,1084.78
2001-10-24,1085.20
2001-10-25,1100.09
2001-10-26,1104.61
2001-10-29,1078.30
2001-10-30,1059.79
2001-10-31,1059.78
2001-11-01,1084.10
2001-11-02,1087.20
2001-11-05,1102.84
2001-11-06,1118.86
2001-11-07,1115.80
2001-11-08,1118.54
2001-11-09,1120.31
2001-11-12,1118.33
2001-11-13,1139.09
2001-11-14,1141.21
2001-11-15,1142.24
2001-11-16,1138.65
2001-11-19,1151.06
2001-11-20,1142.66
2001-11-21,1137.03
2001-11-23,1150.34
2001-11-26,1157.42
2001-11-27,1149.50
2001-11-28,1128.52
2001-11-29,1140.20
2001-11-30,1139.45
2001-12-03,1129.90
2001-12-04,1144.80
2001-12-05,1170.35
2001-12-06,1167.10
2001-12-07,1158.31
2001-12-10,1139.93
2001-12-11,1136.76
2001-12-12,1137.07
2001-12-13,1119.38
2001-12-14,1123.09
2001-12-17,1134.36
2001-12-18,1142.92
2001-12-19,1149.56
2001-12-20,1139.93
2001-12-21,1144.89
2001-12-24,1144.65
2001-12-26,1149.37
2001-12-27,1157.13
2001-12-28,1161.02
2001-12-31,1148.08
2002-01-02,1154.67
2002-01-03,1165.27
2002-01-04,1172.51
2002-01-07,1164.89
2002-01-08,1160.71
2002-01-09,1155.14
2002-01-10,1156.55
2002-01-11,1145.60
2002-01-14,1138.41
2002-01-15,1146.19
2002-01-16,1127.57
2002-01-17,1138.88
2002-01-18,1127.58
2002-01-22,1119.31
2002-01-23,1128.18
2002-01-24,1132.15
2002-01-25,1133.28
2002-01-28,1133.06
2002-01-29,1100.64
2002-01-30,1113.57
2002-01-31,1130.20
2002-02-01,1122.20
2002-02-04,1094.44
2002-02-05,1090.02
2002-02-06,1083.51
2002-02-07,1080.17
2002-02-08,1096.22
2002-02-11,1111.94
2002-02-12,1107.50
2002-02-13,1118.51
2002-02-14,1116.48
2002-02-15,1104.18
2002-02-19,1083.34
2002-02-20,1097.98
2002-02-21,1080.95
2002-02-22,1089.84
2002-02-25,1109.43
2002-02-26,1109.38
2002-02-27,1109.89
2002-02-28,1106.73
2002-03-01,1131.78
2002-03-04,1153.84
2002-03-05,1146.14
2002-03-06,1162.77
2002-03-07,1157.54
2002-03-08,1164.31
2002-03-11,1168.26
2002-03-12,1165.58
2002-03-13,1154.09
2002-03-14,1153.04
2002-03-15,1166.16
2002-03-18,1165.55
2002-03-19,1170.29
2002-03-20,1151.85
2002-03-21,1153.59
2002-03-22,1148.70
2002-03-25,1131.87
2002-03-26,1138.49
2002-03-27,1144.58
2002-03-28,1147.39
2002-04-01,1146.54
2002-04-02,1136.76
2002-04-03,1125.40
2002-04-04,1126.34
2002-04-05,1122.73
2002-04-08,1125.29
2002-04-09,1117.80
2002-04-10,1130.47
2002-04-11,1103.69
2002-04-12,1111.01
2002-04-15,1102.55
2002-04-16,1128.37
2002-04-17,1126.07
2002-04-18,1124.47
2002-04-19,1125.17
2002-04-22,1107.83
2002-04-23,1100.96
2002-04-24,1093.14
2002-04-25,1091.48
2002-04-26,1076.32
2002-04-29,1065.45
2002-04-30,1076.92
2002-05-01,1086.46
2002-05-02,1084.56
2002-05-03,1073.43
2002-05-06,1052.67
2002-05-07,1049.49
2002-05-08,1088.85
2002-05-09,1073.01
2002-05-10,1054.99
2002-05-13,1074.56
2002-05-14,1097.28
2002-05-15,1091.07
2002-05-16,1098.23
2002-05-17,1106.59
2002-05-20,1091.88
2002-05-21,1079.88
2002-05-22,1086.02
2002-05-23,1097.08
2002-05-24,1083.82
2002-05-28,1074.55
2002-05-29,1067.66
2002-05-30,1064.66
2002-05-31,1067.14
